{"cameraMode":{"drawMode":0,"name":"Shaded","section":"Shading Mode"},"sceneLighting":true,"audioPlay":false,"sceneViewState":{"m_AlwaysRefresh":false,"showFog":true,"showSkybox":true,"showFlares":true,"showImageEffects":true,"showParticleSystems":true,"showVisualEffectGraphs":true,"m_FxEnabled":true},"in2DMode":false,"pivot":{"x":0.02800464630126953,"y":0.524146556854248,"z":-0.035597801208496097},"rotation":{"x":-0.037237588316202167,"y":0.9373540282249451,"z":-0.10561449080705643,"w":-0.33019742369651797},"size":9.434554100036621,"orthographic":false}